GND,3663
RESISTOR,1149
R-EU_,868
CAP,728
LED,706
VCC,619
C-EU,516
+3V3,475
R-US_,472
+5V,421
C,336
R,280
WIREPAD,279
C-US,251
3.3V,161
M02,159
5V,157
M01,148
+12V,100
M04,97
CAP_POL,91
M03,90
CPOL-EU,89
PINHD-1X1,84
TP,76
CAP_CERAMIC,72
PTR1,63
STAND-OFF,59
PINHD-1X2,54
CPOL-US,53
A4L-LOC,49
SJ,49
PINHD-1X3,48
M06,47
DIODE,47
PAD,44
AGND,43
GNDA,43
M08,42
CRYSTAL,41
ARROW1,41
INDUCTOR,39
PINHD-1X8,39
1,6/0,9,39
USB,37
CTB1500/2,36
SOLDER_PAD,36
ML20?E,35
MOUNT-HOLE,34
TAC_SWITCH,34
FRAME-LETTER,34
GNDPAD,33
CAPACITOR,32
R_,31
PINHD-1X4,31
CAPACITOR_POL,30
0V,30
PINHD-1X6,29
SOLDERJUMPER,28
SMD2,28
ML6E,28
SEWTAP,28
V+,27
RJ12,27
GND1,26
OSHW-LOGO,25
DIODE-,25
FIDUCIAL,24
MEGA168P,24
VDD,23
10-XX,23
LETTER_L,23
FET-PD,23
M04X2,23
LP11-B,23
C0603,22
C_,22
LDO,22
TVS-U,22
LED3MM,21
MOSFET-NCHANNEL,21
2-HOLES,21
MA03-1,21
C_POL,21
AVR_SPI_PRG_6,20
HEADER-1X1,20
BATTERY,19
FRAME_A_L,19
RJ45-8,19
LOGO-SFE,19
0,18
PINHD-2X3,18
-12V,18
TPSQ,18
0805_RESISTOR,17
PINHD-1X7,17
QR,17
ATMEGA168,16
ACS712,16
DIODE-ZENER,16
L-US,16
6MM,16
MSTBV2,16
+15V,16
TEST-POINT,15
MEGA8,15
+3.3V,15
CRG?*,15
GND_,15
TRIMPOT,14
W237-102,14
SWITCH-MOMENTARY-2,14
WS2812,14
JUMPER-2,14
75176B,14
LSP10,14
V_BATT,14
4R-N,13
1,6/0,8,13
0805_CAPACITOR,13
ZENER-DIODE,13
BSS123,13
R-EU,13
1210_CAP_POLARIZED,13
M05,12
TRANSISTOR_NPN,12
520426-4,12
PINHD-1X5,12
PE,12
FET-ND,12
L,12
CAT4101,12
PASSERMARKEN_FIDUCIAL,12
JP1E,12
TRANSISTOR_NPN_2,12
SCHOTTKY-DIODE,11
SN75176A,11
78*,11
DGND,11
1N581*,11
TRIM_US-,11
BC548*,11
SLIDER,11
Q,11
TPS76633D,10
MCP602-E/P,10
DINA4_L,10
CP_,10
1X4,10
CAP-POL,10
MA06-1,10
MA04-1,10
TEST_POINT_0.040IN,10
JUMPER-3,10
OPAMP-DUAL,10
RESISTOR-US,10
1N914,10
22-?-02,10
ES2D,10
RC13-BLDC-DRIVER,10
UBLOX_MAX-6,9
CPOL,9
R-TRIMM,9
SWITCH-SPST,9
1UF-25V-10%(0805),9
MA08-1,9
TERMBLOCK_1X3,9
M05X2,9
2N3904,9
FE20E,9
ML14,9
063,9
TESTPOINT,9
DUOLED-RG-C,9
ABRACON_ABM3_CRYSTAL,8
POWER_JACK,8
SD103A,8
TL082,8
N_MOSFET,8
87437-0243,8
PMOSFET_N,8
RESONATOR,8
LUXEON_REBEL,8
+4.1V,8
MA03-2,8
2SC1944,8
22-23-2031,8
F50360,8
SM0805*,8
CDSLDR3MM,8
CONNECTION_POINT,8
POT,8
BC846,8
SUPPLY_+3V3,8
DIODE_BAT54,8
TRANSISTOR-SMALL-SIGNAL_BSS123,8
RELAY_G6D?*,8
SI8442,8
MAC97,8
CFPB,8
3BITADDR,8
M10,8
C2.5-5,8
QM,8
MCP1700,7
JP4E,7
PINHD-2X4,7
PINHD-1X10,7
VIN,7
UMICH_SOLID,7
SMD5,7
MOSFET-N,7
*-NPN-,7
FRAME-A3,7
DIODE-SCHOTTKY,7
SMA_EDGE,7
SFH482,7
3V3,7
+5V/2,7
74*141,6
AD7993BRUZ-0,6
10UF-TANT,6
VCC/2,6
87437-0343,6
PINHD-1X20,6
WE-CBF,6
TINY13,6
A3L-LOC,6
MPL115A,6
VUSB,6
1.8V,6
FERRITE,6
C_US,6
TEST_VIA,6
1206_RESISTOR,6
FRAME_B_L,6
LM338T,6
ZD,6
MOUNT-PAD-ROUND,6
22-23-2061,6
VCCINT,6
7-SEG_,6
MN1382S,6
DUAL_MOSFET_NP,6
0.1UF-25V(+80/-20%)(0603),6
RFM22,6
JTI_ANTENNA-1575AT43A40,6
MICROMATCH-4,6
MBR0520L,6
CON-6,6
BZX84CSMD,6
LED-SMD-1206,6
+5V/1,6
MCP601-E/SN,6
WID_V_SMD,6
M02-JST-PTH,5
BU-SMA-H,5
LED_POL,5
MCP73831,5
JST_2PIN,5
PMOSSOT23,5
M12,5
FUSE,5
PINHD-1X11,5
TEST_PAD_SMT,5
ATTINY45,5
2917_CAP_POL,5
22-?-03,5
+14V,5
NFET_DPAK,5
H.1-2,5
LED-GREEN,5
MCP601,5
TINYISP,5
2N7000,5
LM358,5
74*595,5
BPX81,5
TASTER_9314_SMD,5
LTI-SASF54GT,5
+12V1,5
MCP23017,5
RELAY,5
LED_PIRANHA_5MM,5
RGB_5MM,5
SPDT,5
CAP_NP,5
C?C*VAC,5
ANAREN,5
CC110L,5
MRF49XA,5
NTX2,4
DS1820,4
22-23-2021,4
INS-1,4
MYRRA_4408,4
SJ2W,4
V_REG_78XX,4
ACPL-C87A-000E,4
ARDUINO_SHIELD,4
87438-02,4
87437-0543,4
FIDUCIALMOUNT,4
CON_HEADER_PRG_AVR_ICSP_ETCH,4
PINHD-2X2,4
AT90S2313,4
M16,4
DIL8,4
10UF-16V-10%(TANT),4
1-HOLE,4
VBAT,4
M07,4
SMT1216-SIP1216_DCDC,4
V_REG_LDO,4
CARR0508,4
FT232RL,4
5.0V,4
BLE112-A-VISUAL,4
PINHD-1X15,4
CONN_5-2,4
PINHD-1X12,4
2N2222,4
LRTB_G6SG,4
BC547,4
FSM4JSMA-SMD,4
FT232R,4
L7805ACD2T-TR,4
SWITCH-SPDT,4
S202,4
NPN,4
2N7002-7-F,4
RGB-COMMON-CATHODE,4
IRF540,4
MCP1640,4
SOLDERJUMPER_2WAY,4
TP30,4
050,4
6N139,4
MICROMATCH-6,4
1N4004,4
PTC,4
IRF7314,4
WS2801,4
FDS8884,4
MCP1703,4
*317,4
CD4026B_N_16,4
SOT23-BEC,4
CON_HEADER_1X08,4
TRIM_EU-,4
TLC3702_PW_8,4
ARK500/2,4
BNC,4
GNUBLINLOGO,4
W237-04P,4
CON-09,4
HOLE,4
SMT-RGB-6PLCC,4
+5VREG,4
LEDBICOLOR-SMD,4
13V,4
ULN2803A,4
RN08,4
BT149,4
POLYSWITCH,4
BSS84A,4
LED_RGB_PLCC6,4
JUMPER-2-OLD,4
M01_PWR,4
812H-1C-C,4
BAS16,4
IRLML2402,4
MULTILED_LRTB_G6TG,4
CON-2,4
74*164,4
MTA05-100,4
LSP13,4
R-1/4W,4
EVQQ2,4
MCP602,4
GND2,4
SPST_TACT,4
BL,4
BANANA-JACK,4
NOTE1_TRI,4
WID_H_SMD,4
SARANTEL-SR1202,3
PTN78000,3
ERJ-8BWJR010V,3
OPAMP-QUAD,3
POTENTIOMETER,3
IN-12A,3
VBB,3
MA07-1,3
BUZZER,3
RGBLED,3
PTCFUSE,3
CAP_5MM,3
TEA2025B,3
ARDUINO_LEONARDO-REV3B_SMARTPRJ_ATMEGA32U4-XU,3
SW_DIP-4,3
CONNEC_1X03,3
ATTINY24,3
V_REG_LM1117,3
PINHD-2X5,3
NMOSSOT23,3
DIL28,3
HC49US,3
ZLDO1117,3
VIB-MOTOR,3
NTST30100SG,3
DINA3_L,3
HEADER-1X6,3
FRAME_C_L,3
PINHD-2X3-SMD,3
C*,3
CR2032,3
R_US,3
RELAY-SOLIDSTATE,3
1X2,3
RFM12B,3
CANODE_SHIELD,3
ATMEGA32U4,3
LED-RED,3
AVR-ISP-6,3
IRF3704,3
L-EU,3
JP2E,3
MA05-1,3
USB-MINIB,3
SCHOTTKY,3
PINHD-2X10,3
ARDUINO,3
ARDUINOR3,3
1727049,3
SJ3,3
MA05-2,3
M13,3
0.1UF-50V-20%(PTH),3
10KOHM1/6W5%(PTH),3
KPJX-4S-S,3
ARDUINO_MINI,3
PHOTOCELL,3
BAV99,3
KGM-EEPROM,3
KGM-LIPOWER,3
WT12-UART,3
SF-6DOF,3
KGM-FEEDBACK,3
TEENSYPP,3
CAPACITOR-US,3
TSM4ND50,3
XTAL/S,3
JUMPER_SOLDER_1X2,3
ATMEGA328P_PDIP,3
D2F,3
AVRISP,3
MEGA8-P,3
CREATIVE_COMMONS,3
PMN25EN,3
ML6,3
MTA02-100,3
TINY24/44/84,3
74*573,3
BC238,3
1N4148,3
PINHD6,3
CERAMIC_CAPACITOR,3
PN61729-S,3
PCA9685,3
JP2Q,3
JP1Q,3
?227161*,3
XTAL,3
BUS-SMA,3
*741,3
XBEE-1,3
L5973D,3
ELL,3
MAX4105ESA,3
+24V,3
GNDI,3
SN6501DBVT,3
SP3232,3
WE-PP-ISO-TRANSFORMER,3
U0805R102KCT,3
233-206,3
DS1821,3
TL072CP,3
IL300,3
S?*,3
XTAL-4,3
AVCC,3
LDO_4P,3
V-,3
VCC3V3,2
MONOSW1GND,2
NPCAP-PXA-CAP,2
LCD-16X2,2
ATXMEGAXXA4U,2
M19,2
HEADER-2X3,2
IN-12_6DIGIT,2
74HC04_HEX_INVERTER,2
SD103ATW-7-F,2
TRANSISTOR_SC-75,2
AVAGO_ADNS-9500,2
MCP1700__LDO,2
TL074,2
IPAD_CONNECTOR_MALE,2
AUTHENTICATOR,2
AUTHENTICATOR_2C,2
FTDI_BASIC,2
TAC_SWITCH_2PIN,2
LM4871,2
RTRIM,2
PINHD-2X18,2
2X3HEADER,2
6N137,2
L78M05CDT,2
DS8921M/NOPB,2
DLR1160,2
DLT1160,2
LETTER_P,2
*-?,2
MICROSD,2
AS5040,2
GEARED_MOTOR,2
CRYSTAL-3.2-2.5,2
VARISTOR,2
CC3000,2
NPN-TRANSISTOR_,2
1.5X2BATTERY,2
LM75,2
MCP73871,2
TPS61200,2
JST_2MM_MALE,2
M03X2,2
RHD2000-CABLE-AMP-SIDE,2
OMNETICS_A79025,2
GPS_FGPMMOPA6H,2
HEADER-1X20,2
BEAGLEBONE_OUTLINE,2
NMJ4HFD2,2
TC2030,2
UNPOLARIZED_CAPACITOR,2
101-IG,2
MICROUSB-47589-0001,2
PINHD-1X13,2
R*,2
*555,2
SPRING-TERMINAL_2/PTSA-ZZ_2.5MM,2
SPRING-TERMINAL_3/PTSA-ZZ_2.5MM,2
PIN1X6,2
ATTINY10-TSHR,2
TB_ISPEDGE_2X3,2
TB_TOUCH_0.5INCH,2
SN65HVD234,2
ANTENNA2,2
NCHAN_MOSFET,2
2.8V,2
ATTINY84,2
1BY2,2
INA219,2
HD.1-6,2
JTAG,2
NX2301P,2
QRE1113,2
MPT2,2
CYRF69103,2
CYRF6936,2
IRF9530,2
BS170,2
BZX90,2
LAUNCHPAD_BOOSTER_PACK,2
101-00405-75,2
L7812CD2T-TR,2
LM1085IT,2
3-HOLES,2
DCJ0202,2
G2XX3---PW20,2
TPS71533_DCK_5,2
COM,2
MAX481CSA,2
PSMN,2
HEADER-1X4,2
MMBZ27VCLT1,2
CGRM400*-G,2
MA04-2,2
CON8-S,2
TINY15L,2
AT86RF212,2
BALUN,2
BU-SMA-G,2
OSC-XTAL,2
22-23-2041,2
W237-4,2
FLC100,2
MCP3424-E/SL,2
LM61,2
MAX619,2
MAX756,2
9V_CONNECTOR,2
V_REG_LD1117VXX,2
22-23-2051,2
PCF8574,2
+3.3VA,2
072X025,2
AUDIOJACK2.5-SMD,2
PINHD-2X12/SMD,2
KGM-9DOF,2
HMC5883L,2
SUP75P03,2
WIZ820IO,2
74*1G14,2
SJ-TRI,2
ATMEGA644*,2
USB_MICROB_PLUG,2
DS1337,2
MOLEX_503480,2
ATTINY24/44/84,2
0P525DA,2
LM78L05,2
SM04B-GHS-TB,2
MBRS3*0T3,2
2N7002E,2
ULN2003A,2
14867,2
CD4026BE,2
AWSCR-MG,2
24*,2
BAT54C,2
SP6205_3V3_VREG,2
CDROM,2
78LXX,2
EG1218,2
VREG_3PINS,2
CON_HEADER_2X03,2
H-BRIDGE,2
MAX4427,2
Z-5V1,2
EPLOGO,2
PCA9555,2
PINHD-1X16,2
MCP1640BT-I/CHY,2
PSU3014,2
POTENTIOMETER_,2
AM-1437,2
PSA4-5043+,2
TXS0108E_PW_20,2
PINHD-2X8,2
MRF24J40MA,2
MRF24WB0MA,2
FE23-2_SMD,2
FE20-2,2
3.3,2
F/TMB,2
ICM7555,2
9V_BATTERY_CLIP,2
DC_JACK_OFFBOARD,2
78L05ACZ,2
DS1307,2
SN74LV125APW_TSSOP-14,2
UA78M*,2
PN61729,2
PCA9306,2
74HC4050D,2
VREG_SOT23-5,2
PCA9671,2
FAN5331,2
M02X2,2
NJ3,2
RELAY5V,2
SMART_SWITCH,2
LM386?-*,2
C-GRID-08,2
TECONN_FPC_FFC_84953-9,2
9090-4,2
T495-8528-21,2
TPS7A6033-Q1,2
SPARK_CORE,2
ATTINY85V-10SU,2
LTV816,2
BC847*,2
LM1117MP-5.0,2
FE13-2,2
MBED_MICROCONTROLLER,2
MOSFET-N-SOT669,2
D15V35F5S3,2
PCA9555PW,118,2
DCJ0303,2
FRM12,2
TLC5940,2
TVS-D,2
ISO7420,2
TDK_MLZ2012_INDUCTOR,2
332-20,2
BMP085,2
SI7005,2
ADG704,2
TRANSDUCER,2
ACJM,2
AC3M,2
AD7685,2
COAX,2
MUN2211*,2
MA20-1,2
1N5817,2
FB_,2
PINHD-1X19,2
MTA03-100,2
HV0830-2R7605-R,2
HEADER_2X1,2
6-PIN-ICSP,2
MSP430F5510IPT,2
-5V,2
-15V,2
SX1231,2
W5200,2
TR-LOGO,2
DP3T,2
M15,2
+9V,2
SPST_SWITCH,2
MONO_JACK_W_SHUNT,2
F15,2
TPP,2
MMBT3904*,2
US_8,5X14,2
M11,2
NPN_V,2
PNP_V,2
KON_V_SMD,2
DSPIC33EP256MC506,1
DRV8312_DDW_44,1
TPS61085_DGK_8,1
PMEG2010AEH,1
LQM31PN3R3M00L,1
BOSS-SWITCHING,1
LMZ12010,1
MC24356,1
5569,1
4094,1
VSS,1
TRIMPOT_S3_SMD,1
NE555,1
IRF740,1
BC546*,1
TRIM_POT,1
IN-12_2DIGIT,1
P82B715D,1
ADMP441,1
AD620,1
ADXR,1
BATTERY_ADAPTER,1
FIREWIRE,1
LPC1113/14-LQFP48,1
AT90S4433,1
CRYSTAL-GND,1
TL431CDBZR,1
TPS71533DCKR,1
SUPERCAP,1
LIS331,1
MPL3115A2,1
RESISTOR-ARRAY,1
TDA2003A,1
DC_POWER_M03,1
DC_DC_ISOLATED_0505,1
ML16,1
ARDUINO-DUE,1
LM555CM,1
SN74HC14PW,1
87437-0443,1
87437-0643,1
87437-0843,1
UM6,1
ATMEGA644-*PU,1
EG1213,1
USB-PWR-NOSILK,1
SWITCH-2P,1
MYCON2_USB-MINI-B,1
DIODE-SWITCHING,1
IC-ATMEGA32U4-AU,1
RF-ANTENNA-9MM-SMD,1
DIODE-LED,1
IC-TI-SN74AHC125PW,1
LDO-AMS1117-X,1
ATMEGA88PA-MU,1
SG-310,1
RESISTANCE,1
C_EU,1
A4950,1
MCP47X6,1
NCP4680,1
ATTINY10,1
HEADER1X4,1
LM3480IM4,1
LPR6235,1
CP,1
MIC5231,1
NXP|HEF4051BTD,1
ZIFSOCKET-40-6,1
TMP102,1
INDUCTOR-SPARKFUN,1
RT424A,1
LT323AT,1
3-HOLE,1
LTC3127EMSEPBF,1
LT3497EDDBTRMPBF,1
SAMTEC_MUSB,1
JST_2MM_SMT,1
MAX1551EZK+T,1
INDUCTOR_NR6028,1
DC_POWER_JACK_PJ-045,1
8PIN_SIP_.100IN,1
ADS1299,1
TPS60403DBVT,1
PIC24FJ256GB206-,1
SM5100B,1
MSP430G2553_RHB_32,1
TLV320AIC3120_RHB_32,1
TPS73701_DRB_8,1
EEPROM_I2C_SOIC8_GENERIC,1
FXO-HC735-12,1
CTS-219-2MST,1
REGULATOR,1
TPS62730,1
SJ2-TRACE,1
HM-10,1
BLE112-A,1
LOGO-OSHW-6MIL,1
TC2030-CC-DEBUGGER,1
LED*,1
MODULE_BEE-XBEE,1
3,17/1,3,1
MIMISMD,1
ATTINY13V-S8S1,1
GLOWBOARD_KMR211G,1
CRYSTAL_4PAD,1
MICRO_USB,1
WS2812B_CONNECTOR,1
BD243*,1
IMPULSE_GECKO_HEADER,1
BT111,1
ST_USBLC6-2,1
BUTTON_ALPS_5.2MM_SMD,1
TB_EDGE3,1
M24M02-DRMN6TP,1
TABL_L,1
HEADER-2X5,1
LTC3588,1
SCREW-TERMINAL_2_0.100,1
GECKO_POWER_SUPPLY_CONN,1
FA-,1
BSS84,1
ATMEGA48A-AU,1
MCP3008-I/SL,1
RASPBERRYPI_B,1
ADR510ARTZ-REEL7,1
PCF2123,1
MA13-2,1
DCK-3R3E224U-E,1
ICSP-AVR,1
POLOLU_POWER_SWITCH,1
POWER_SUPPLY,1
ATMEGA168-20PU,1
KEYPAD12,1
4PIN,1
ISP,1
ATMEGA8_ATMEGA48/88/168-PU,1
DS2Y-S-DC*,1
LM393M,1
MM74HC125M,1
OKI-78SR_3V3_SMPS,1
HM10_BLE,1
EPIC-CORE_A,1
EPIC-PROG-PORT,1
PIFA-2.4GHZ,1
PIC24FJ32GB004,1
ICSP_HDR,1
NUMONYX_FLASH,1
HD.1-14,1
USB_B,1
HD.1-12,1
LTC4412ES6TRMPBF,1
PINHD-2X12,1
FLOP-4W,1
ATTINY85,1
M18,1
1503_09,1
TRIMM,1
MX25L25635E,1
MCP1623/24,1
ATTINY45*,1
ML10,1
74*4724,1
MAX7219,1
LED_ARRAY_8X8,1
MC33063ADE4,1
MBRS130LT3,1
KP-3216P3C,1
BSP170P,1
AP1509,1
AQH*213,1
DT,1
TPS773*,1
SWITCH_2DIR,1
SLF7045,1
CON-I_PEX-20474-030E,1
CON-DISPLAYPORT-A-FEMALE,1
IC-FREESCALE-MC34844EP,1
CON-POWER-JACK-4P,1
ATMEGA32U4-XU,1
LOGO-TONYLABS,1
CNY70,1
IRS218,1
TINY11*,1
DS1337C,1
DS3231SN,1
AD8223ARZ,1
LED-BLUE,1
OP1177ARZ,1
SFW12R-2STE1LF,1
LMP8100MA,1
AD797,1
MAX6520,1
EFM32TG110F32,1
ROTARTY_ENCODER,1
MMA7361,1
ADAFRUIT_GPS_MODULE,1
HIP4082IBZ,1
ATMEGA48-88-168-328,1
REG1117,1
RASPBERRY-PI_REV1,1
MA06-2_BACK,1
FE07-2,1
GBCART,1
HEADER-2X16,1
1727052,1
VNI4140,1
D-SCHOTKY,1
MCP23016,1
PCA9517,1
CAP_ELECTROLYTIC,1
LUXEON,1
B3B-ZR,1
SHT1X,1
B4B-ZR,1
AMC6821SDBQ,1
NMOSFET,1
FAN_4-WIRE,1
FAN_3-WIRE,1
MPC17C724EP,1
N-HEXFET-2D_?-*,1
U.FL,1
TINY13*,1
*-PNP-,1
78MXXS,1
CALUNIUM-SHIELD-V2,1
XRF,1
AK500/2,1
MBC1B,1
CONNECTOR,1
AT49F040J,1
JRC-23F,1
ARDUINO_MICRO,1
MUSCLE_SENSOR,1
SWITCH_SS22SDH2,1
SWITCH_SS12SDH2,1
35RAPC2BVN4,1
66WR1KLF,1
10K_RESISTOR,1
S1223,1
XF2M-0615-1A,1
5V-LDO,1
P-MOSFET,1
DIL32,1
FT232RL-BASIC,1
MA07-2,1
F261X---PM64,1
GRID-EYE,1
LTP-747HR,1
HT16K33V110,1
DSPIC33FJ64GP802,1
AB9V,1
SLIDE_SWITCH_DPDT,1
MCP3202,1
ADXL193,1
HM-TRP,1
PCA9518,1
87758-0616,1
TRIM,1
RFPIC12F675,1
CR2032H,1
TI_ADCXX1S101,1
STONYMAN,1
HEADER_12PIN,1
ADXRS*,1
ACCEL_1221,1
HMC6042,1
HEADER_1X12_IMU,1
DPDT,1
GND(T),1
LM311,1
4011,1
+9V(T),1
OUT(T),1
L4931-TO92-AMMO,1
TILTSWITCH,1
AX-1838,1
AD8221ARZ,1
4AMP_P4+11,1
CC2520EM,1
LP2950,1
MCP6024-X/ST,1
P82B96,1
GNDINT,1
057-006-,1
057-010-,1
MAX6921,1
IV18,1
BANANA_CONN,1
SF-MPU6050,1
MPU-6000,1
CSLA2CF,1
TLC393CP,1
6PIN_HEADER,1
L298,1
OSHW_LOGO_FILL,1
SELK02,1
CAT24C02WI-GT3,1
ACULEDVHL,1
W5100,1
STM812,1
POE-RJ45,1
MC33269ST*,1
MC33269?*,1
TS42,1
SN74LVC2G241DCUT,1
M74HC4017B1R,1
ARDUINOMICRO,1
SL-20V,1
MDSSV-BC06,1
BOARD,1
MDIN06K,1
LB1836M,1
MIC37101-2.1YM-REVERSED,1
LXDC55KAAA-205,1
PCA9632DP2,118,1
PIIKKIRIMA-4,1
TLC5952,1
MATRIX_8X8_TRICOLOR_ANODE_ROW,1
MEGA323,1
MICRF113,1
PCB_DP_SQUARE,1
78XXS,1
2510-,1
MKDSN1,5/2-5,08,1
MKDSN1,5/4-5,08,1
TSOP,1
6130091?,1
ATTINY24-20SSU,1
MSP430G2352IPW14,1
SFE_LOGO_FLAME,1
ATTINY*61,1
LZ4-00MC00,1
AIRCABLEBLP,1
SMA-SMD,1
LP2985,1
APDS-9007,1
NC1,1
REKN,1
53047-0610,1
500003,1
FDC654P,1
LSM303DLH,1
LT3652EMSEPBF,1
SDR1006-XXXKL,1
22-05-7025,1
39-28-1083,1
ARDUINO_SERIAL_PROGRAM,1
DX_BT_MODULE,1
PINHD-2X7,1
BL-T52C-31,1
74*14,1
PINHD-2X13,1
LM358PW,1
STM32F0__,1
W5500,1
MAX31855,1
OMEGA,1
82114R,1
MCP73832,1
ATMEGA328_SMT,1
DRV8833_PWP_16,1
LCP2138,1
CON_HEADER_2X05,1
FRAME_DINA4_L,1
PCB,1
MCP111T_300,1
TACTIL_BUTTON,1
FT230XS_FTDI,1
CON-USB-F,1
PQ070XF01SZH,1
OMRON-D2F,1
MEGASHILED,1
RJHSE-338X,1
SKQUAAA010,1
PS1240P02BT,1
TXB0108PWR,1
M13X2,1
MEGA16,1
P-B1720,1
TRIMR,1
SEI-5,1
SRK,1
+18V,1
PINHD-1X02,1
PINHD-2X03,1
TINY25,1
LMX2322,1
STM32F40X_QFP_PACKAGE,1
SW_TACT_4P,1
MIC,1
6N138,1
MCP4251-104E/P,1
MBED-SOCKET,1
RJ45,1
AD9833BRMZ,1
LM318,1
14PL,1
PN87520,1
LT1302,1
PIC18F4520-I/P,1
HD44780LCD,1
DAC0808LCN,1
SD_CARD_SOCKET,1
M14,1
ADS7830,1
W237-09P,1
AM-1417,1
856929,1
AVA_EPCOS_SAW_FILTER,1
OVERO,1
POLOLU_DRIVER,1
GLOWBOARD_ABMM2,1
AEDR8300,1
TRANSISTOR_PNP,1
MPU-6050,1
M09,1
G2XX3---N20,1
PINHD-2X25,1
M25HP,1
ARDUINONANO,1
CAT24C256,1
219-02*,1
EE20-1,1
SH22,1
MKDSN1,5/3-5,08,1
DIODE-2AC|CA,1
BAT,1
FGPMMOPA6B,1
MICROCD_MAIN,1
MMBT3906,1
MC3,1
351,1
ATMEGA88PA-AU,1
SPS8-0.0.1,1
4017,1
063-EU,1
PINHEAD-NTPI,1
PINHD-1X9,1
BC848*,1
LED-RGB-5050,1
74HC4066D,1
CSTCR,1
ATX24,1
22-?-06,1
VNH3SP30,1
BSS97,1
MCP355*,1
EG1206,1
MC33063/MC34063,1
OSPI,1
MC9S08AC48CFGE_LQFP-44,1
MC9S08JS16CWJ_SOIC-20,1
ASF*,1
DRAWING_TEMPLATE,1
A-4118_DCPOWJACK,1
103-12100-EV,1
STX-3120-3B,1
PKB-PCBA,1
LM340S-5.0,1
PIC24FJ256GB106,1
LM317?*,1
ER-OLED0.91-2,1
ER_OLED032-1,1
LTV826,1
NC7,1
SD,1
SDMALEPCB,1
F09HP,1
LEDBICOLOR-AKA,1
REG711,1
POWERCONVERTER,1
ICL764*,1
F55[0/1]X---RGZ48,1
MICROSD-MOLEX,1
ADS1110,1
ARDUINO-USB,1
ML16E,1
F-2X03-,1
PNA460XM,1
RESISTOR-1/4W,1
L6470,1
PPD60PV,1
FTDI_CABLE,1
LT1761-X,1
CD74HC154M,1
N-MOSFET-SO8,1
TCA6416APWR,1
EXB-A10P_8_RESISTOR_ARRAY,1
AUDIO-JACK2,1
NME0505DC,1
OKI-T/3-W40N-C,1
MSTBV6,1
PIC12LF1822,1
MOMO-EDGE-8F,1
MOMO-EDGE-8M,1
5566-24,1
22-23-2121,1
SHUNT-4,1
INA138,1
MCP3426A0-E/SN,1
VA-*?,1
ADUM1250ARZ,1
ML20,1
V_REG_MIC2920,1
MCP1402,1
VREG,1
ADXL3XX,1
HEADER-1X2,1
BIS0001,1
RE200B,1
16F88-*,1
DS2482-100,1
RJ11,1
DS9503,1
DS2483,1
CONN-RJ11,1
MCP73871-2AAI/ML,1
LS20031,1
MEGA64,1
VCCIO,1
6DOF-DIGITAL,1
MAX3420,1
MAX3421E,1
G2X[2/3]1---N14,1
TCS32X0,1
VCNL3020,1
LSM303DLHC,1
LSM330DLC,1
LSM333D,1
MAX6675,1
CQ1-12V,1
PC817,1
PINHD-2X9,1
RF1_5CMX2.5CM_SHEILD,1
EUP3476,1
DMP2035U-7,1
HEADER-2X4P,1
HOLDER-MICROSD-9P,1
AT25512N-SH-B,1
RFM12_DIP,1
PCA9635,1
FE05-2,1
RFM69,1
SM1210RGB,1
6130041?,1
ATTINY45-20PU,1
DINA5_L,1
RHD2132,1
SCREW_HOLE_2-56,1
XMEGA16A4,1
ML10?E,1
SPNO,1
ML14?E,1
ROCKETNET-CONNECTOR-16,1
CRYSTAL_TXC,1
TLV1117,1
BLUE_TERM,1
MAX3232*,1
ISO7242,1
TPS76333,1
MCP7941X,1
COIN-CELL,1
CRYSTAL-CITIZEN-CM2XXC,1
CR1220,1
USB_TYPE_A_KEYSTN,1
ATSAM3UC4-PA,1
32678_KYOCERA,1
NCP1117-5,1
LP2985-33DBVR,1
AVX_12MHZ_CRYSTAL_CX3225GB,1
MF-MSMF050-2,1
PINHD-2X20,1
332-16,1
332-12,1
MAX481CPA,1
MAX1947,1
SPM6530,1
CC430F513X---RGZ48,1
BALUN433,1
XTAL26,1
CC2D,1
SHT2X,1
OPA*,1
LTC6930-X.XX,1
ATTINY20,1
PROGCON,1
CAPSENSE-BREAKOUT-I2C,1
LM324,1
NC7NZ04K8X,1
BD6211F,1
LM1117MP-3.3,1
HEXABUS,1
LM324D,1
HYT271-THT,1
TASTER-9314_SMD,1
DS18S20,1
POWER,1
ANALOG,1
DIGITAL_0_7,1
DIGITAL_8_13,1
BUZ21,1
CD4021BE,1
ATMEGA168*P,1
78MXXL,1
CONN-6PIN,1
WIFI-RN-171,1
TOPLED-3,1
MCP4241-103E/SL,1
CD4051BM,1
ATTINY13-20SU,1
FT245RL,1
PIC18F45J10-X/P,1
1751248,1
MA02-1,1
PCA9600,1
2510-6002,1
MCP1725-XXXXX/SN,1
EVQ-11U05R,1
78XXL,1
7-361-BA,1
2479-BATTERY,1
DIL6,1
AYZ0202,1
LM50,1
STM32F10XCXT6,1
LM1117,1
7A,1
PIC16F676,1
1.0UF-16V-10%(0603),1
2.2UF-CER,1
LTC3225EDDB-1TRPBF,1
HEADER_6X1,1
ISP-AVR,1
CRYSTAL_SMD,1
HEADER_3X1,1
RJ11-6,1
MCP980*-M/?,1
6130051?,1
PIC18F1X50,1
GBU4,1
V715W-500R,1
TMP36,1
2N2907*,1
TLC5928_DBQ_24,1
MAX13432,1
CAPPOL,1
ATMEGA168-PU,1
ENC28J60MODULE,1
TF5000FRONTPANEL,1
OPA380AIDG4,1
78L*SMD,1
79L*SMD,1
AD8628ARZ-REEL7,1
TEMPT1020,1
ARDUINOMINIPRO,1
MA07-2W,1
BR,1
BU-SMA-V,1
RFM70,1
CONN_5-1,1
UBLOX_LEA6,1
EECEN0F204AK,1
SMA,1
SOD123,1
MAX4239ASA,1
LMV321?*,1
TPS3809L30DBVR,1
CR2032-HOLDER,1
UM3567,1
CRYSTAL-,1
DG3XX-02,1
NRF24LU1,1
USB-A,1
TSX-3225,1
MCP2200?,1
AWSCR-*MGD-C,1
?-1734035-1,1
6130061?,1
MEGA8-MI,1
M-2X03,1
PCM2706,1
AUDIO-JACK,1
ZZZ_MODULE,1
74*86,1
4093,1
SPDT_SWITCH,1
MONO_JACK,1
ENC28J60,1
J1011F,1
LM3940IS-3.3,1
VENUS638FLPX-L,1
QUAD_OPAMP,1
PC16SV,1
OLIMEX_2148,1
AD8552,1
MINI-USB-,1
MMSD4148,1
DIL18,1
MAX3223*,1
JUMPER,1
742-8,1
CRYTAL,1
BOM-PART,1
ATTINY88,1
LTP-747,1
JESS-N-DENNY,1
23FEB2013,1
HEART,1
TETRISH,1
TRIFORCE,1
RS,1
MA10-1,1
ATTINY43U-SU,1
BAS40,1
AD8616,1
X100-7,1
ATTINY13,1
XBEE,1
MCP1826,1
MAX232DW,1
SQ_JMP,1
CONN_4-1,1
CAPACITOR-POL,1
XLR_3P+G,1
CON_5X1_100MIL,1
LP_NUMBER,1
